No,question,ground_truth,source_file
1,minta composition hytreat 1200,"Active biocidal substances, yaitu 5-chloro-2-methyl-4-isothiazolinone dan 2-methyl-4-isothiazolinone",Hytreat 1200 - 16 sections with GHS.pdf
2,minta composition hytreat 5300,"Phosphonates , Dispersant polymers , Zinc ions  , Azole inhibitors",Hytreat 5300 -16 sections with GHS low P.pdf 
3,minta composition hytreat 5700,"Sodium molybdate , Tolyltriazole",Hytreat 5700.pdf
4,minta composition hytreat AQUA-SHIELD 221,Isothiazolin biocides,AQUA-SHIELD 221 MSDS.pdf
5,minta composition hytreat AQUA-SHIELD 620,scale inhibitor polymeric chemicals ,AQUA-SHIELD 620 MSDS.pdf
6,Jika hytreat 1200 terkena mata langkah p3k nya apa?,"Karena Hytreat 1200 memiliki simbol Korosif, maka jika terkena mata, dapat menyebabkan kerusakan permanen atau kebutaan. Oleh karena itu, langkah pencegahan yang perlu diambil adalah Jangan menelan atau mengunyah bahan tersebut , Cuci mata dengan air yang bersih dan stabil , Tutup mata dan diamkan beberapa menit sebelum mencoba membuka kembali. ,Jika gejala tidak membaik, segera pergi ke rumah sakit atau fasilitas kesehatan terdekat.",Piktogram-Korosif-Hytreat-1200.docx
7,Jika hytreat 5300 terkena mata langkah p3k nya apa?,"Karena hytreat 5300 memiliki simbol Health Hazard, maka jika terkena kulit, langkah pencegahan umum adalah: P3K (Pengendalian, Pemantauan, dan Kebijakan) untuk menghindari paparan langsung atau kontak dengan kulit.",GHS-Piktogram-Health hazard-Hytreat-5300.pdf
8,minta composition Hytreat 2200,"Glutaraldehyde , n-Alkyl dimethyl benzyl ammonium chloride , Non hazardous ingredients",(Hytreat 2200) 16 sections GHS.pdf
9,minta composition hytreat AQUA-SHIELD 320,"Sodium Hydroxide (50%) , Air-based matrix dengan ""non-hazardous ingredients",AQUA-SHIELD 320 MSDS.pdf
10,accidental release measure hytreat 5700,"Melakukan pemulihan cepat (Emergency Response) dengan memakai PPE yang sesuai, seperti kacamata pelindung dan pakaian luar yang tahan kimia. , Menggunakan sistem ventilasi yang baik untuk menghindari penyebaran gas-gas berbahaya. , Membuat emergency eyewash station dan safety shower untuk membantu mengatasi kerusakan pada mata dan kulit.",Hytreat 5700.pdf
11,accidental release measure hytreat 5300,"Absorb spill with absorbent material (e.g. cloth, fleece). Clean surface thoroughly to remove residual contamination. Material should be prevented from contaminating soil or from entering sewage and drainage.For large spills, dike far ahead of liquid spill for later disposal. Do not release into sewers or waterways. Absorb spill with vermiculite, oil dry or similar non-reactant absorbent",Hytreat 5300 -16 sections with GHS low P.pdf 
12,Langkah Pengendalian Wajib jika aqua shield 630 dan sulfuric acid tercampur?,"Pastikan ada peringatan atau pengawasan ketat saat campuran Aqua Shield 630 dan sulfuric acid. , Gunakan pakaian pelindung yang sesuai dan perlengkapan keselamatan lainnya saat bekerja dengan campuran ini. , Pastikan ada sistem pengendalian kebocoran yang efektif untuk menghindari penyebaran corrosif. , Lakukan analisis kimia dan fisika yang lebih lanjut untuk memahami potensi reaksi yang dapat terjadi dan mengambil langkah-langkah yang diperlukan untuk mengurangi risiko kerusakan.",Sulfuric acid x AS 630.pdf
13,Langkah Pengendalian Wajib jika aqua shield 320 dan sulfuric acid tercampur?,"Evakuasi area segera dan memberikan perlindungan pribadi kepada semua orang di sekitar area tersebut. , Matikan sumber panas dan tutup semua saluran yang dapat menyebabkan penyebaran korosif. , Gunakan peralatan pelindung pribadi (PPB) seperti sarung tangan, kacamata, dan jaket pelindung untuk menghindari kontak langsung dengan larutan korosif. , Jika memungkinkan, tutup semua celah atau lubang yang dapat menyebabkan penyebaran korosif ke lingkungan sekitar. , Lakukan pemulihan dan membersihkan area tersebut setelah kejadian.",Sulfuric acid x AS 320.pdf
14,Langkah Pengendalian Wajib jika aqua shield 221 dan sulfuric acid tercampur?,"Segera berhenti proses penggunaan atau operasi yang melibatkan campuran Aqua Shield 221 dan sulfuric acid. , Jangan mencampurkan Aqua Shield 221 dengan sulfuric acid secara langsung, karena dapat menyebabkan reaksi kimia yang sangat berbahaya dan berisiko. , Pastikan semua peralatan dan kontainer yang digunakan untuk menyimpan atau mengoperasikan Aqua Shield 221 dan sulfuric acid telah dirancang untuk menahan reaksi kimia tersebut. , Jika campuran terjadi, segera buang limbah dengan hati-hati dan sesuai dengan prosedur keamanan yang berlaku. , Lakukan evaluasi dan analisis lanjutan untuk memastikan bahwa Aqua Shield 221 dan sulfuric acid dapat digunakan secara aman dan efektif dalam aplikasi tertentu.",Sulfuric acid x AS 221.pdf
15,Langkah Pengendalian Wajib jika hytreat 5700 dan sulfuric acid tercampur?,"Pastikan dosis HYTREAT 5700 dan asam sulfat (sulfuric acid) digunakan dengan hati-hati dan sesuai dengan instruksi penggunaan., Pastikan konsentrasi asam sulfat tidak terlalu tinggi, karena ini dapat meningkatkan risiko reaksi yang tidak diinginkan.,Pastikan dosis HYTREAT 5700 dan asam sulfat (sulfuric acid) digunakan dalam lingkungan yang aman dan tidak ada kontak langsung dengan kulit atau mata.",5700 x Sulfuric acid.pdf
16,Langkah Pengendalian Wajib jika hytreat 2200 dan sulfuric acid tercampur?,"Jangan campurkan Hytreat 2200 dengan Sulfuric Acid. , Jika terjadi kecelakaan, segera buang larutan tersebut ke tempat yang aman dan jauhkan dari area kerja. , Gunakan peralatan pelindung pribadi (PPB) seperti kacamata, sarung tangan, dan jaket pelindung saat bekerja dengan Hytreat 2200 dan Sulfuric Acid.
",2200 & Sulfuric
17,potential reaction jika  as 221 dan as 320 tercampur,"Acid-Base Interaction and Localized Exothermic Behavior: Terjadi karena Aqua Shield 221 mengandung konstituen asam seperti fosfonobutane tricarboxylic acid dan asam hidroklorik, sedangkan Aqua Shield 320 mengandung sodium hidroksida sebagai agen penstabil pH. Ketika kedua formulasi ini dicampur, terjadi reaksi asam-asam yang berakhir dengan perubahan suhu lokal yang dapat mempercepat reaksi sekunder dan meningkatkan risiko terpapar bahan kimia.",AS 221 x AS 320.pdf
18,potential reaction jika 5300 dan aqua shield 320 tercampur,"Instantaneous Neutralization Enthalpy and Thermal Stress: Pada saat neutralisasi, terjadinya release thermal energy yang signifikan akibat reaksi exotermik antara asam hidroklorida dalam Hytreat 5300 dan basa sodiammonium dalam Aqua Shield 320.",5300 x AS 320.pdf
19,potential reaction jika 2200 dan as 320 tercampur, Extreme Acid-Base Neutralization with Uncontrolled Heat Release,2200 x AS 320.pdf
20,potential reaction jika  as 221 dan as 630 tercampur,"Acid-Base Interaction and Localized Exothermic Behavior
   - Reaksi ini terjadi karena Aqua Shield 221 mengandung konstituen asam seperti fosfonobutane tricarboxylic acid dan hidroklorik, sedangkan Aqua Shield 630 mengandung sejumlah besar hidroksida sodium sebagai agen penyesuaian pH. Ketika kedua formulasi ini dicampur, reaksi neutralisasi asam-basanya yang langsung terjadi diharapkan akan menghasilkan panas lokal yang dapat mempercepat reaksi sekunder, merusak komponen sensitif suhu, dan meningkatkan risiko eksposi pekerjaan secara tidak sengaja.",AS 221 x AS 630.pdf
21,potential reaction jika 620 dan 630 tercampur,"Partial chemical neutralization dan secondary reaction pathways,Release of significant thermal energy (enthalpy) dan thermal stress,Localized pH instability,Transient heat release,Secondary reaction pathways yang tidak diharapkan",AS 620 x AS 630.pdf
22,potensi reaksi jika hytreat 5700 dan aqua shield 320 tercampur,"Sudden Enthalpy Increase and Solution Temperature Spike ketika Aqua Shield 320 (yang mengandung Sodium Hydroxide 50%) diintegrasikan dengan Hytreat 5700. Pada kondisi ini, Sodium Hydroxide dapat menyebabkan perubahan suhu yang signifikan dan mungkin menyebabkan reaksi kimia yang tidak diinginkan.",5700 x AS 320.pdf
23,potential reaction jika 1200 tercampur 5300,"Uncontrolled Chemical Reactions. Mixing HYTREAT 1200 dengan HYTREAT 5300 dapat menyebabkan reaksi kimia tidak terkendali karena sifat kimia yang berbeda antara kedua bahan tersebut. HYTREAT 5300 mengandung komponen asam yang kuat, sedangkan HYTREAT 1200 mengandung biocida isothiazolinone yang stabil di kondisi asam lemah. Kontak langsung antara dua bahan ini dapat memicu reaksi degradasi cepat, potensial diikuti dengan penemukan panas, perubahan warna, atau pembentukan produk sampingan. Reaksi-reaksi ini sulit diprediksi dan dikendalikan, meningkatkan kemungkinan kondisi yang tidak aman selama pengelolaan, penyimpanan, atau operasi dosing.",1200 x 5300.pdf
24,potensi reaksi jika aqua shield 320 tercampur sulfuric acid,"Violent Acid-Base Neutralization and Thermal Escalation
Aqua Shield 320 dapat bereaksi secara violent dengan Sulfuric Acid, menyebabkan neutralisasi asam-asam yang sangat eksplosif dan peningkatan suhu yang signifikan. Ini dapat menyebabkan perubahan suhu yang cepat, pembentukan naik-turun, atau aerosolisasi partikel korosif yang dapat menyebabkan cedera kimia dan kompromi sistem penanganan yang terkait dengan kebocoran sekunder atau kegagalan tekanan tertutup dalam wadah tertutup",Sulfuric acid x AS 320.pdf
25,potensi reaksi jika aqua shield 630 tercampur sulfuric acid,"Sulfuric acid dapat menyebabkan penurunan pH sistem secara drastis, sehingga destabilisasi rantai polimer dan degradasi parcial hydrolytik, yang dapat menghilangkan fungsi dispersif dan penghambatan skala dari formulasi.",Sulfuric acid x AS 630.pdf
26,potensi reaksi jika aqua shield 221 tercampur dengan sulfuric acid,"Extreme Exothermic Acid-Water Interaction and Physical Destabilization . Aqua Shield 221 dapat mengalami reaksi ekstrem eksotermik dengan asam sulfat, yang menyebabkan hydrasi asam sulfat secara agresif dan merilis panas dalam waktu singkat. Ini dapat menyebabkan perubahan fisik stabilitas yang signifikan, seperti pembentukan gelembung, gesekan, atau agitasi yang tidak terkendali, yang dapat meningkatkan risiko cedera kimia, patah kontainer, dan penyebaran bahan korosif yang tidak terkendali ke lingkungan sekitar.",Sulfuric acid x AS 221.pdf
27,potensi reaksi jika 5300 tercampur dengan sulfuric acid,"Acid-Induced Collapse of Multicomponent Inhibitor System: Asam sulfat dapat menyebabkan kollapse sistem penghambatan multi-komponen Hytreat 5300, karena asam sulfat dapat menyebabkan protonasi fosfat, destabilisasi rantai polimer, dan gangguan kimia koordinasi zinc. , Rapid Precipitation and Solid Phase Generation: Asam sulfat dapat menyebabkan precipitasi cepat dan pembentukan fase padat pada Hytreat 5300.",5300 x Sulfuric Acid.pdf
28,potensi reaksi jika 2200 dan sulfur acid tercampur,"Reaksi violent hydration dan thermal splattering hazard: Pada saat asam sulfat dicampur dengan HYTREAT 2200, dapat terjadi reaksi exotermik yang menyebabkan perubahan suhu yang cepat dan menghasilkan gelembung-gelembung korosif yang dapat menyebabkan luka bakar yang serius pada orang yang terpapar. , Reaksi acid-catalyzed polymerization dan deaktivasi permanen glutaraldehyde: Pada saat asam sulfat dicampur dengan HYTREAT 2200, glutaraldehyde dalam produk tersebut dapat mengalami reaksi polimerisasi dan kondensasi yang cepat, sehingga mengubah sifat biocidalnya menjadi tidak aktif dan menghasilkan produk byproduct yang dapat menyebabkan kerusakan pada sistem dosing dan pengeringan.
","GHS-Piktogram-Toksik Akut-Hytreat-2200.pdf, 2200 & Sulfuric Acid.pdf"
29,Langkah Pengendalian Wajib jika hytreat 1200 dan sulfuric acid tercampur?,"Menghindari Kontak . Pastikan tidak ada kontak langsung antara Hytreat 1200 dan Sulfuric Acid. , Pemisahan: Jika terjadi kecelakaan, segera pemisahkan campuran tersebut dari bahan lain dan lingkungan sekitar untuk mencegah penyebaran korosif. , Penggunaan Peralatan Pelindung: Gunakan peralatan pelindung pribadi (PPB) seperti kacamata, sarung tangan, dan pakaian luar yang tahan korosif saat menangani campuran Hytreat 1200 dan Sulfuric Acid. , Penggunaan Ventilasi: Pastikan area kerja dilengkapi dengan sistem ventilasi yang baik untuk mencegah penyebaran asap korosif dan aerosol. , Pembersihan: Jika terjadi kecelakaan, segera membersihkan area yang terkena campuran tersebut dengan bahan yang aman dan tidak korosif.
","1200 x Sulfuric Acid.pdf, GHS-Piktogram-Korosif-Hytreat-1200.docx"
30,potensi reaksi jika 1200 dan sulfur acid tercampur,"Violent Exothermic Reaction and Thermal Splash Hazard: Pada saat campuran ini terjadi, akan terjadi reaksi exotermik yang sangat cepat dan menghasilkan panas yang signifikan, sehingga dapat menyebabkan perubahan suhu yang drastis dan splashing korosif. , Acid-Induced Destruction of Isothiazolinone Biocidal Structures: Pada saat campuran ini terjadi, asam sulfat dapat merusak struktur bioksid biotinolone isothiazolinon yang terkandung dalam HYTREAT 1200.","1200 x Sulfuric Acid.pdf, GHS-Piktogram-Korosif-Hytreat-1200.docx"
31,minta table pengaplikasian produk,"Berikut adalah daftar pengaplikasian produk: 1. Hytreat 1200, 2200, 5300: Cooling Tower 2. Hytreat 5700: Chiller 3. Sulfuric Acid: Menurunkan PH Air 4. AQUA-SHIELD (221, 320, 620, 630): Boiler",Pengaplikasian-produk.xlsx
32,mandatory control measures Sulfuric acid dan as 630 jika tercampu,"Isolasi Area yang Tidak Perlu dan Evakuasi Karyawan , Perlindungan Pribadi Karyawan dan Pengaturan Exclusion Zone , Penggunaan PPE yang Tepat (Full-Face Respirator dengan Kartridge Gas Asam) ,Mengaktifkan Sistem Signal Automatis untuk Mencegah Kerusakan",Sulfuric acid x AS 630.pdf
33,mandatory control measures Sulfuric acid dan aqua shield 221 jika tercampur," Immediate Evacuation and High Level Respiratory Protection , Utilization of Acid Resistant Personal Protective Equipment",Sulfuric acid x AS 221.pdf
34,mandatory control measures jika 5300 dan 2200 tercampur,"Pemisahan penyimpanan fisik , Penggunaan garis warna yang berbeda untuk transfer , Penggunaan peralatan dosing yang terpisah , Pemisahan ruang atau waktu pengiriman untuk memastikan dilusi yang cukup sebelum interaksi",5300 x 2200.pdf
35,mandatory control measures jika 5700 dan 2200 tercampur,"Implementasi PPE (Personal Protective Equipment) yang tepat, seperti chemical-resistant gloves, safety goggles atau face shields, protective clothing, dan respiratory protection jika diperlukan. , Pengendalian yang tepat untuk menghindari kontak langsung antara kedua bahan kimia tersebut, seperti adequate ventilation, emergency eyewash stations, dan safety showers. , Kompatibilitas testing laboratory-scale sebelum aplikasi lapangan untuk memastikan kestabilan fisik, kompatibilitas kimia, dan efektivitas biokidal.
", 5700 x 2200.pdf
36,ignal word untuk aqua shield 630,caution,AQUA-SHIELD 630 MSDS.pdf
37,signal word untuk aqua shield 221,danger,"AQUA-SHIELD 221 MSDS.pdf, AQUA-SHIELD 221.pdf"
38,signal word untuk 5700,Hazard,Hytreat 5700.pdf
39,signal word untuk 1200,KOROSIF (Corrosive),GHS-Piktogram-Korosif-Hytreat-1200.docx
40,mandatory control measures jika 5700 dan Aqua Shield 221 tercampur,Absolute Prohibition of Direct Blending,5700 & AS 221.pdf
41,jelaskan simbol nfpa,"Biru - Bahaya Kesehatan (Health: 1): Angka 1 menunjukkan bahwa bahan ini dapat menyebabkan iritasi ringan atau efek kesehatan sementara jika terjadi paparan, namun tidak menimbulkan cedera serius permanen dalam kondisi normal penggunaan. Efek biasanya bersifat reversibel dengan penanganan yang tepat. , Merah - Bahaya Kebakaran (Fire: 0): Simbol ini menunjukkan bahwa bahan ini tidak berbahaya dalam hal kebakaran atau api.",Simbol NFPA pada Aqua Shield.pdf
42,jelaskan gambar toksik akut,Gambar toksik akut menunjukkan simbol bahaya jika terhirup dan bahaya jika tertelan. Ini menandakan bahwa bahan tersebut dapat menyebabkan gangguan serius pada sistem pernapasan dan keracunan akut jika dihirup atau ditelan.,GHS-Piktogram-Toksik Akut-Hytreat-2200.pdf
43,jelaskan gambar piktogram health hazard,"Gambar piktogram Health Hazard menunjukkan siluet manusia dengan tanda bintang di dada. Simbol ini digunakan untuk mengindikasikan bahwa suatu bahan kimia dapat menimbulkan dampak kesehatan jangka panjang atau sistemik yang serius. Bahaya ini umumnya tidak selalu terlihat secara langsung, tetapi dapat berkembang setelah paparan berulang atau paparan akut tertentu.","GHS-Piktogram-Health hazard-Hytreat-5300.pdf, GHS-Piktogram-Health-hazard.png"
44,jelaskan gambar piktogram tanda seru,"Gambar piktogram tanda seru ini biasanya berupa simbol ""!"" (tanda seru) yang digunakan untuk menandakan bahwa bahan kimia tersebut dapat menyebabkan efek kesehatan pada manusia. Simbol ini tidak menunjukkan bahaya yang sangat serius atau fatal, tetapi masih perlu diwaspadai dan dihindari dengan hati-hati.",GHS-Piktogram-Tanda seru(Exclamation Mark)-Hytreat-5700.pdf
45,jelaskan gambar piktogram racun lingkungan,"Pohon mati: Simbol ini menunjukkan bahwa bahan kimia tersebut berbahaya bagi lingkungan hidup dan dapat menyebabkan kerusakan pada organisme perairan. ,  Ikan mati: Simbol ini juga menunjukkan bahwa bahan kimia tersebut berbahaya bagi lingkungan hidup dan dapat menyebabkan kerusakan pada organisme perairan.","GHS-Piktogram-Health hazard-Hytreat-5300.pdf, GHS-Piktogram-Racun Lingkungan-Hytreat-2200 .pdf"
46,jelaskan gambar piktogram korosif,"simbol piktogram korosif mengindikasikan bahaya kerusakan pada kulit akibat paparan bahan kimia. Simbol ini dapat menunjukkan bahwa bahan tersebut dapat menyebabkan luka bakar kimia yang serius pada kulit, termasuk proses perusakan jaringan secara cepat.","GHS-Piktogram-Health hazard-Hytreat-5300.pdf, GHS-Piktogram-Tanda seru(Exclamation Mark)-Hytreat-5700.pdf, GHS-Piktogram-Racun Lingkungan-Hytreat-2200 .pdf"
47,Tampilkan piktogram racun lingkungan,"Berdasarkan KONTEKS yang diberikan, saya tidak menemukan informasi tentang piktogram racun lingkungan dalam file GHS-Piktogram-Racun-Lingkungan.png. Oleh karena itu, saya tidak tahu apa piktogram tersebut.","GHS-Piktogram-Racun Lingkungan-Hytreat-2200 .pdf, GHS-Piktogram-Racun-Lingkungan.png"
48,gambar tanda seru?,"Gambar tanda seru yang terdapat dalam file GHS-Piktogram-Tanda seru(Exclamation Mark)-Hytreat-5700.pdf adalah piktogram yang menunjukkan bahwa suatu bahan kimia dapat menimbulkan efek kesehatan tingkat ringan hingga sedang, terutama akibat paparan langsung dalam kondisi penggunaan normal.","Tanda seru (Exclamation Mark).png, GHS-Piktogram-Health hazard-Hytreat-5300.pdf, GHS-Piktogram-Tanda seru(Exclamation Mark)-Hytreat-5700.pdf"
49,minta image piktokgram health hazard,Gambar piktogram Health Hazard dapat ditemukan di file GHS-Piktogram-Health-hazard.png.,"1200 x AS 620.pdf, GHS-Piktogram-Health hazard-Hytreat-5300.pdf, GHS-Piktogram-Health-hazard.png"
50,Boleh minta piktogram korosif?,"Berdasarkan Sumber: GHS-Piktogram-Korosif.png dan Sumber: GHS-Piktogram-Racun Lingkungan-Hytreat-2200 .pdf, simbol korosif digunakan untuk mengindikasikan potensi kerusakan pada kulit, mata, logam, serta bahaya lainnya yang terkait dengan paparan bahan kimia"," GHS-Piktogram-Racun Lingkungan-Hytreat-2200 .pdf, GHS-Piktogram-Korosif.png, GHS-Piktogram-Health hazard-Hytreat-5300.pdf"