question,prediction,ground_truth,sources,latency_seconds
minta composition hytreat 1200,"Berdasarkan konteks yang diberikan, HYTREAT 1200 mengandung dua jenis bioksid aktif yaitu:

1. 5-chloro-2-methyl-4-isothiazolinone
2. 2-methyl-4-isothiazolinone","{'ground_truth': 'Active biocidal substances, yaitu 5-chloro-2-methyl-4-isothiazolinone dan 2-methyl-4-isothiazolinone'}","1200 x Sulfuric Acid.pdf, 1200 x AS 630.pdf, 1200 x 5700.pdf",14.5
minta composition hytreat 5300,"Berdasarkan KONTEKS yang diberikan, saya tidak menemukan informasi tentang komposisi HYTREAT 5300 secara spesifik. Namun, berdasarkan sumber yang tersedia (5300 x AS 620.pdf dan 5300 x Sulfuric Acid.pdf), dapat disimpulkan bahwa HYTREAT 5300 adalah suatu formulasi yang mengandung beberapa komponen, yaitu:

* Low-molecular-weight acids (hydrochloric acid dan phosphonates)
* Zinc ions
* Dispersant polymers

Namun, perlu diingat bahwa informasi ini tidak secara spesifik disebutkan dalam KONTEKS yang diberikan. Oleh karena itu, saya tidak dapat memberikan komposisi HYTREAT 5300 dengan ketentuan yang lebih spesifik.","{'ground_truth': 'Phosphonates , Dispersant polymers , Zinc ions  , Azole inhibitors'}","5300 x AS 620.pdf, 5300 x Sulfuric Acid.pdf, 5300 x AS 320.pdf",4.97
minta composition hytreat 5700,"Berdasarkan KONTEKS yang diberikan, HYTREAT 5700 terdiri dari dua komponen utama:

1. Sodium molybdate
2. Tolyltriazole

Kedua komponen ini bekerja sama untuk memberikan korosi inhibisi melalui elektrokimia permukaan.","{'ground_truth': 'Sodium molybdate , Tolyltriazole'}","5700 x Sulfuric acid.pdf, GHS-Piktogram-Tanda seru(Exclamation Mark)-Hytreat-5700.pdf, 5700 x AS 630.pdf",3.43
minta composition hytreat AQUA-SHIELD 221,"Maaf, saya tidak memiliki informasi tentang komposisi HYTREAT Aqua-Shield 221 dalam dokumen yang tersedia (AS 221 x AS 320.pdf). Saya tidak tahu secara sopan.",{'ground_truth': 'Isothiazolin biocides'},"AS 221 x AS 320.pdf, 5700 & AS 221.pdf, 5700 x AS 320.pdf",2.87
minta composition hytreat AQUA-SHIELD 620,"Maaf, saya tidak memiliki informasi tentang komposisi HYTREAT Aqua Shield 620 dalam dokumen yang tersedia (1200 x AS 620.pdf dan 5700 x AS 320.pdf). Saya tidak tahu secara sopan tentang komposisi tersebut.",{'ground_truth': 'scale inhibitor polymeric chemicals '},"5700 x AS 320.pdf, 5700 x AS 620.pdf, 1200 x AS 620.pdf",2.47
Jika hytreat 1200 terkena mata langkah p3k nya apa?,"Menurut informasi yang tersedia dalam KONTEKS, Hytreat 1200 memiliki simbol Korosif (Corrosive) dan Tanda seru (Exclamation Mark). 

Dalam hal ini, jika Hytreat 1200 terkena mata, langkah pencegahan umum adalah:

1. Hindari Kontak Langsung: Kurangi paparan langsung terhadap kulit, mata, dan saluran pernapasan.
2. Gunakan APD Dasar: Sarung tangan, kacamata pelindung, dan masker ringan bila diperlukan.

Namun, tidak ada informasi yang spesifik tentang langkah pencegahan untuk mata pada Hytreat 1200 dalam KONTEKS yang disediakan. Oleh karena itu, saya tidak dapat memberikan jawaban yang lebih spesifik tentang langkah pencegahan untuk mata pada Hytreat 1200.","{'ground_truth': 'Karena Hytreat 1200 memiliki simbol Korosif, maka jika terkena mata, dapat menyebabkan kerusakan permanen atau kebutaan. Oleh karena itu, langkah pencegahan yang perlu diambil adalah Jangan menelan atau mengunyah bahan tersebut , Cuci mata dengan air yang bersih dan stabil , Tutup mata dan diamkan beberapa menit sebelum mencoba membuka kembali. ,Jika gejala tidak membaik, segera pergi ke rumah sakit atau fasilitas kesehatan terdekat.'}","GHS-Piktogram-Korosif-Hytreat-1200.docx, GHS-Piktogram-Tanda seru(Exclamation Mark)-Hytreat-5700.pdf",7.19
Jika hytreat 5300 terkena mata langkah p3k nya apa?,"Menurut informasi yang tersedia dalam KONTEKS, simbol tanda seru (Exclamation Mark) pada hytreat 5700 menunjukkan bahwa suatu bahan kimia dapat menimbulkan efek kesehatan tingkat ringan hingga sedang, terutama akibat paparan langsung dalam kondisi penggunaan normal.

Dalam hal ini, tidak ada informasi yang spesifik tentang langkah p3k (Pencegahan, Pemantauan, dan Kebijakan) untuk hytreat 5300 ketika terkena mata. Namun, berdasarkan penjelasan umum simbol tanda seru, dapat disimpulkan bahwa langkah-langkah pencegahan yang umum dilakukan adalah:

1. Hindari Kontak Langsung
2. Gunakan APD Dasar (sarung tangan, kacamata pelindung, dan masker ringan)
3. Ventilasi Cukup
4. Kebersihan Kerja (cuci tangan setelah penanganan dan sebelum makan atau minum)

Namun, karena tidak ada informasi yang spesifik tentang langkah p3k untuk hytreat 5300 ketika terkena mata, saya tidak dapat memberikan jawaban yang lebih spesifik.","{'ground_truth': 'Karena hytreat 5300 memiliki simbol Health Hazard, maka jika terkena kulit, langkah pencegahan umum adalah: P3K (Pengendalian, Pemantauan, dan Kebijakan) untuk menghindari paparan langsung atau kontak dengan kulit.'}","GHS-Piktogram-Tanda seru(Exclamation Mark)-Hytreat-5700.pdf, GHS-Piktogram-Health hazard-Hytreat-5300.pdf",8.16
minta composition Hytreat 2200,"Berdasarkan KONTEKS yang diberikan, saya tidak menemukan informasi tentang komposisi HYTREAT 2200 secara spesifik. Namun, berdasarkan bagian ""Potential Reactions"" dalam dokumen 5700 x 2200.pdf, HYTREAT 2200 diketahui mengandung glutaraldehyde dan quaternary ammonium compounds.

Jadi, saya dapat menyimpulkan bahwa komposisi HYTREAT 2200 terdiri dari:

* Glutaraldehyde
* Quaternary ammonium compounds","{'ground_truth': 'Glutaraldehyde , n-Alkyl dimethyl benzyl ammonium chloride , Non hazardous ingredients'}","5700 x AS 620.pdf, 5700 x 2200.pdf",4.45
minta composition hytreat AQUA-SHIELD 320,"Berdasarkan KONTEKS yang diberikan, saya tidak menemukan informasi tentang komposisi Hytreat Aqua-Shield 320. Oleh karena itu, saya tidak tahu secara sopan untuk memberikan jawaban yang lebih spesifik tentang komposisi tersebut.","{'ground_truth': 'Sodium Hydroxide (50%) , Air-based matrix dengan ""non-hazardous ingredients'}","AS 221 x AS 320.pdf, 5700 x AS 320.pdf",3.15
accidental release measure hytreat 5700,"Berdasarkan KONTEKS yang diberikan, untuk mengatasi kebocoran HYTREAT 5700, perlu diambil langkah-langkah pencegahan dan pengelolaan kebocoran yang tepat. Berdasarkan informasi yang tersedia dalam file Hytreat 5700.pdf, salah satu langkah pencegahan adalah:

* Melakukan penanganan, transfer, dan perawatan aktivitas yang melibatkan HYTREAT 5700 dengan menggunakan PPE yang sesuai, seperti kacamata pelindung, sarung tangan kimia, pakaian perlindungan, dan respirasi jika diperlukan.
* Meningkatkan ventilasi di area kerja untuk mengurangi paparan.
* Menyediakan fasilitas pengelolaan kebocoran seperti shower keamanan dan fasilitas membersihkan mata.

Namun, perlu diingat bahwa informasi tentang langkah-langkah pencegahan dan pengelolaan kebocoran yang lebih spesifik untuk HYTREAT 5700 tidak tersedia dalam KONTEKS yang diberikan. Oleh karena itu, saya tidak dapat memberikan jawaban yang lebih spesifik dan akurat.","{'ground_truth': 'Melakukan pemulihan cepat (Emergency Response) dengan memakai PPE yang sesuai, seperti kacamata pelindung dan pakaian luar yang tahan kimia. , Menggunakan sistem ventilasi yang baik untuk menghindari penyebaran gas-gas berbahaya. , Membuat emergency eyewash station dan safety shower untuk membantu mengatasi kerusakan pada mata dan kulit.'}","Hytreat 5700.pdf, 1200 x 5700.pdf, 5700 x AS 320.pdf",8.07
accidental release measure hytreat 5300,"Maaf, saya tidak memiliki informasi tentang langkah-langkah pencegahan kecelakaan yang terkait dengan HYTREAT 5300. Informasi tersebut tidak ada dalam KONTEKS yang Anda berikan.","{'ground_truth': 'Absorb spill with absorbent material (e.g. cloth, fleece). Clean surface thoroughly to remove residual contamination. Material should be prevented from contaminating soil or from entering sewage and drainage.For large spills, dike far ahead of liquid spill for later disposal. Do not release into sewers or waterways. Absorb spill with vermiculite, oil dry or similar non-reactant absorbent'}","1200 x 5300.pdf, 5300 x Sulfuric Acid.pdf, 5300 x AS 320.pdf",3.06
Langkah Pengendalian Wajib jika aqua shield 630 dan sulfuric acid tercampur?,"Berdasarkan KONTEKS yang diberikan, saya tidak menemukan informasi tentang langkah pengendalian wajib jika Aqua Shield 630 dan sulfuric acid tercampur. Oleh karena itu, saya tidak tahu secara sopan untuk memberikan jawaban yang lebih spesifik.","{'ground_truth': 'Pastikan ada peringatan atau pengawasan ketat saat campuran Aqua Shield 630 dan sulfuric acid. , Gunakan pakaian pelindung yang sesuai dan perlengkapan keselamatan lainnya saat bekerja dengan campuran ini. , Pastikan ada sistem pengendalian kebocoran yang efektif untuk menghindari penyebaran corrosif. , Lakukan analisis kimia dan fisika yang lebih lanjut untuk memahami potensi reaksi yang dapat terjadi dan mengambil langkah-langkah yang diperlukan untuk mengurangi risiko kerusakan.'}","Sulfuric acid x AS 221.pdf, Sulfuric acid x AS 320.pdf, Sulfuric acid x AS 630.pdf",3.15
Langkah Pengendalian Wajib jika aqua shield 320 dan sulfuric acid tercampur?,"Menurut informasi yang tersedia dalam KONTEKS, jika Aqua Shield 320 dan sulfuric acid tercampur, langkah pengendalian wajib yang harus diambil adalah:

1. Evakuasi area segera dan memberikan perlindungan pribadi kepada semua orang di sekitar area tersebut.
2. Matikan sumber panas dan tutup semua saluran yang dapat menyebabkan penyebaran korosif.
3. Gunakan peralatan pelindung pribadi (PPB) seperti sarung tangan, kacamata, dan jaket pelindung untuk menghindari kontak langsung dengan larutan korosif.
4. Jika memungkinkan, tutup semua celah atau lubang yang dapat menyebabkan penyebaran korosif ke lingkungan sekitar.
5. Lakukan pemulihan dan membersihkan area tersebut setelah kejadian.

Namun, perlu diingat bahwa informasi ini hanya berdasarkan KONTEKS yang tersedia dan tidak menutupi semua kemungkinan bahaya yang dapat terjadi dalam situasi seperti ini. Oleh karena itu, sangat disarankan untuk memeriksa dokumen resmi dan mengikuti prosedur pengendalian keamanan yang telah ditetapkan oleh perusahaan atau organisasi Anda sebelum melakukan operasi dengan Aqua Shield 320 dan sulfuric acid.","{'ground_truth': 'Evakuasi area segera dan memberikan perlindungan pribadi kepada semua orang di sekitar area tersebut. , Matikan sumber panas dan tutup semua saluran yang dapat menyebabkan penyebaran korosif. , Gunakan peralatan pelindung pribadi (PPB) seperti sarung tangan, kacamata, dan jaket pelindung untuk menghindari kontak langsung dengan larutan korosif. , Jika memungkinkan, tutup semua celah atau lubang yang dapat menyebabkan penyebaran korosif ke lingkungan sekitar. , Lakukan pemulihan dan membersihkan area tersebut setelah kejadian.'}","Sulfuric acid x AS 320.pdf, 2200 x AS 320.pdf, Sulfuric acid x AS 221.pdf",8.45
Langkah Pengendalian Wajib jika aqua shield 221 dan sulfuric acid tercampur?,"Menurut informasi yang tersedia dalam KONTEKS, jika Aqua Shield 221 dan sulfuric acid tercampur, maka langkah pengendalian wajib yang harus diambil adalah:

1. Segera berhenti proses penggunaan atau operasi yang melibatkan campuran Aqua Shield 221 dan sulfuric acid.
2. Jangan mencampurkan Aqua Shield 221 dengan sulfuric acid secara langsung, karena dapat menyebabkan reaksi kimia yang sangat berbahaya dan berisiko.
3. Pastikan semua peralatan dan kontena yang digunakan untuk menyimpan atau mengoperasikan Aqua Shield 221 dan sulfuric acid telah dirancang untuk menahan reaksi kimia tersebut.
4. Jika campuran terjadi, segera buang limbah dengan hati-hati dan sesuai dengan prosedur keamanan yang berlaku.
5. Lakukan evaluasi dan analisis lanjutan untuk memastikan bahwa Aqua Shield 221 dan sulfuric acid dapat digunakan secara aman dan efektif dalam aplikasi tertentu.

Namun, perlu diingat bahwa informasi ini hanya berdasarkan KONTEKS yang tersedia dan mungkin tidak mencakup semua aspek keamanan dan kompatibilitas yang relevan. Oleh karena itu, sebaiknya konsultasi dengan ahli kimia atau profesional keamanan untuk mendapatkan informasi yang lebih akurat dan terbaru.","{'ground_truth': 'Segera berhenti proses penggunaan atau operasi yang melibatkan campuran Aqua Shield 221 dan sulfuric acid. , Jangan mencampurkan Aqua Shield 221 dengan sulfuric acid secara langsung, karena dapat menyebabkan reaksi kimia yang sangat berbahaya dan berisiko. , Pastikan semua peralatan dan kontainer yang digunakan untuk menyimpan atau mengoperasikan Aqua Shield 221 dan sulfuric acid telah dirancang untuk menahan reaksi kimia tersebut. , Jika campuran terjadi, segera buang limbah dengan hati-hati dan sesuai dengan prosedur keamanan yang berlaku. , Lakukan evaluasi dan analisis lanjutan untuk memastikan bahwa Aqua Shield 221 dan sulfuric acid dapat digunakan secara aman dan efektif dalam aplikasi tertentu.'}","Sulfuric acid x AS 221.pdf, Sulfuric acid x AS 320.pdf, 5300 x AS 221.pdf",8.83
Langkah Pengendalian Wajib jika hytreat 5700 dan sulfuric acid tercampur?,"Berdasarkan informasi yang tersedia dalam KONTEKS, tidak ada langkah pengendalian wajib yang spesifik untuk campuran hytreat 5700 dan sulfuric acid. Namun, dapat disimpulkan bahwa campuran ini dapat menimbulkan efek kesehatan tingkat ringan hingga sedang akibat paparan langsung dalam kondisi penggunaan normal.

Untuk menghindari bahaya yang ditandai umumnya bersifat iritatif dan reversibel, sebaiknya dilakukan pengendalian yang tepat, seperti:

*   Menggunakan pakaian pelindung yang sesuai
*   Menggunakan alat pelindung pernapasan (APP) yang sesuai
*   Menghindari paparan langsung dengan menggunakan sistem pengeringan atau penyerapan yang efektif
*   Mengikuti prosedur penggunaan yang benar dan mematuhi instruksi keselamatan yang diberikan oleh pabrikan","{'ground_truth': 'Pastikan dosis HYTREAT 5700 dan asam sulfat (sulfuric acid) digunakan dengan hati-hati dan sesuai dengan instruksi penggunaan., Pastikan konsentrasi asam sulfat tidak terlalu tinggi, karena ini dapat meningkatkan risiko reaksi yang tidak diinginkan.,Pastikan dosis HYTREAT 5700 dan asam sulfat (sulfuric acid) digunakan dalam lingkungan yang aman dan tidak ada kontak langsung dengan kulit atau mata.'}","5700 x Sulfuric acid.pdf, GHS-Piktogram-Tanda seru(Exclamation Mark)-Hytreat-5700.pdf, GHS-Piktogram-Health hazard-Hytreat-5300.pdf",7.46
Langkah Pengendalian Wajib jika hytreat 2200 dan sulfuric acid tercampur?,"Menurut penjelasan di dalam dokumen GHS-Piktogram-Toksik Akut-Hytreat-2200.pdf, langkah pengendalian wajib jika Hytreat 2200 dan asam sulfat (sulfuric acid) tercampur adalah:

1. Jangan campurkan Hytreat 2200 dengan asam sulfat.
2. Jika terjadi kecelakaan, segera buang bahan tersebut ke dalam tempat pembuangan yang sesuai dan lakukan pemulihan yang diperlukan.

Namun, jika Anda ingin mengetahui langkah-langkah pengendalian wajib secara lebih rinci, saya sarankan Anda untuk memeriksa dokumen 2200 & Sulfuric Acid.pdf yang menyediakan informasi tersebut dalam bentuk detail.","{'ground_truth': 'Jangan campurkan Hytreat 2200 dengan Sulfuric Acid. , Jika terjadi kecelakaan, segera buang larutan tersebut ke tempat yang aman dan jauhkan dari area kerja. , Gunakan peralatan pelindung pribadi (PPB) seperti kacamata, sarung tangan, dan jaket pelindung saat bekerja dengan Hytreat 2200 dan Sulfuric Acid.\r\n'}","GHS-Piktogram-Tanda seru(Exclamation Mark)-Hytreat-5700.pdf, 2200 & Sulfuric Acid.pdf, GHS-Piktogram-Toksik Akut-Hytreat-2200.pdf",4.21
potential reaction jika  as 221 dan as 320 tercampur,"Berdasarkan KONTEKS yang diberikan, jika Aqua Shield 221 dan Aqua Shield 320 tercampur, maka potensi reaksi yang terjadi adalah:

1. Acid-Base Interaction and Localized Exothermic Behavior: Terjadi karena Aqua Shield 221 mengandung konstituen asam seperti fosfonobutane tricarboxylic acid dan asam hidroklorik, sedangkan Aqua Shield 320 mengandung sodium hidroksida sebagai agen penstabil pH. Ketika kedua formulasi ini dicampur, terjadi reaksi asam-asam yang berakhir dengan perubahan suhu lokal yang dapat mempercepat reaksi sekunder dan meningkatkan risiko terpapar bahan kimia.

2. Chemical Degradation and Loss of Functional Integrity: Terjadi karena Aqua Shield 320 mengandung sodium hidroksida, yang dapat bereaksi dengan asam hidroklorid dalam Hytreat 5300 untuk menyebabkan perubahan suhu yang signifikan dan memperkuat risiko terjadinya reaksi kimia yang tidak diinginkan.

Namun, perlu diingat bahwa informasi ini hanya berdasarkan KONTEKS yang diberikan dan mungkin tidak mencakup semua kemungkinan reaksi yang dapat terjadi.","{'ground_truth': 'Acid-Base Interaction and Localized Exothermic Behavior: Terjadi karena Aqua Shield 221 mengandung konstituen asam seperti fosfonobutane tricarboxylic acid dan asam hidroklorik, sedangkan Aqua Shield 320 mengandung sodium hidroksida sebagai agen penstabil pH. Ketika kedua formulasi ini dicampur, terjadi reaksi asam-asam yang berakhir dengan perubahan suhu lokal yang dapat mempercepat reaksi sekunder dan meningkatkan risiko terpapar bahan kimia.'}","5700 x AS 320.pdf, AS 221 x AS 320.pdf, 5300 x AS 320.pdf",8.26
potential reaction jika 5300 dan aqua shield 320 tercampur,"Berdasarkan KONTEKS yang diberikan, salah satu potensi reaksi yang dapat terjadi jika Hytreat 5300 dan Aqua Shield 320 tercampur adalah:

1. Instantaneous Neutralization Enthalpy and Thermal Stress: Pada saat neutralisasi, terjadinya release thermal energy yang signifikan akibat reaksi exotermik antara asam hidroklorida dalam Hytreat 5300 dan basa sodiammonium dalam Aqua Shield 320.","{'ground_truth': 'Instantaneous Neutralization Enthalpy and Thermal Stress: Pada saat neutralisasi, terjadinya release thermal energy yang signifikan akibat reaksi exotermik antara asam hidroklorida dalam Hytreat 5300 dan basa sodiammonium dalam Aqua Shield 320.'}","1200 x Sulfuric Acid.pdf, 2200 x AS 320.pdf, 5300 x AS 320.pdf",4.05
potential reaction jika 2200 dan as 320 tercampur,"Berdasarkan KONTEKS yang diberikan, salah satu potensial reaksi yang dapat terjadi jika Hytreat 2200 dan Aqua Shield 320 tercampur adalah:

1. Extreme Acid-Base Neutralization with Uncontrolled Heat Release

Pada saat ini, saya tidak menemukan informasi tentang potensial reaksi lainnya di KONTEKS yang diberikan.",{'ground_truth': ' Extreme Acid-Base Neutralization with Uncontrolled Heat Release'},"AS 221 x AS 320.pdf, 2200 x AS 320.pdf, 5300 x AS 320.pdf",3.43
potential reaction jika  as 221 dan as 630 tercampur,"Berdasarkan informasi yang tersedia dalam KONTEKS, tidak ada informasi tentang reaksi antara Aqua Shield 221 dan Aqua Shield 630. Oleh karena itu, saya tidak tahu secara sopan tentang potensi reaksi jika AS 221 dan AS 630 tercampur.","{'ground_truth': 'Acid-Base Interaction and Localized Exothermic Behavior\r\n   - Reaksi ini terjadi karena Aqua Shield 221 mengandung konstituen asam seperti fosfonobutane tricarboxylic acid dan hidroklorik, sedangkan Aqua Shield 630 mengandung sejumlah besar hidroksida sodium sebagai agen penyesuaian pH. Ketika kedua formulasi ini dicampur, reaksi neutralisasi asam-basanya yang langsung terjadi diharapkan akan menghasilkan panas lokal yang dapat mempercepat reaksi sekunder, merusak komponen sensitif suhu, dan meningkatkan risiko eksposi pekerjaan secara tidak sengaja.'}","AS 221 x AS 630.pdf, AS 221 x AS 320.pdf, 5300 x AS 320.pdf",2.7
potential reaction jika 620 dan 630 tercampur,"Berdasarkan KONTEKS yang diberikan, jika Aqua Shield 620 dan Aqua Shield 630 tercampur, maka potensi reaksi yang dapat terjadi adalah:

* Partial chemical neutralization, yang dapat menyebabkan lokal pH instability, transisi panas, atau jalur reaksi sekunder yang tidak diharapkan.
* Release energi termal signifikan sebagai hasil dari reaksi eksotermik antara asam Hidroklorida dalam Hytreat 5300 dan basa Sodium Hydroxide dalam Aqua Shield 320.

Namun, perlu diingat bahwa interaksi ini dapat sangat kompleks dan sulit diprediksi, sehingga penting untuk mengambil langkah-langkah keamanan yang tepat saat menangani campuran produk ini.","{'ground_truth': 'Partial chemical neutralization dan secondary reaction pathways,Release of significant thermal energy (enthalpy) dan thermal stress,Localized pH instability,Transient heat release,Secondary reaction pathways yang tidak diharapkan'}","1200 x 5300.pdf, AS 620 x AS 630.pdf, 5300 x AS 320.pdf",4.47
potensi reaksi jika hytreat 5700 dan aqua shield 320 tercampur,"Berdasarkan KONTEKS yang diberikan, salah satu potensi reaksi yang disebutkan adalah ""Sudden Enthalpy Increase and Solution Temperature Spike"" ketika Aqua Shield 320 (yang mengandung Sodium Hydroxide 50%) diintegrasikan dengan Hytreat 5700. Pada kondisi ini, Sodium Hydroxide dapat menyebabkan perubahan suhu yang signifikan dan mungkin menyebabkan reaksi kimia yang tidak diinginkan.","{'ground_truth': 'Sudden Enthalpy Increase and Solution Temperature Spike ketika Aqua Shield 320 (yang mengandung Sodium Hydroxide 50%) diintegrasikan dengan Hytreat 5700. Pada kondisi ini, Sodium Hydroxide dapat menyebabkan perubahan suhu yang signifikan dan mungkin menyebabkan reaksi kimia yang tidak diinginkan.'}","GHS-Piktogram-Tanda seru(Exclamation Mark)-Hytreat-5700.pdf, Hytreat 5700.pdf, 5700 x AS 320.pdf",3.98
potential reaction jika 1200 tercampur 5300,"Menurut KONTEKS yang diberikan, jika HYTREAT 1200 (isothiazolinone-based biocides) tercampur dengan HYTREAT 5300 (strong acidic components), maka potensi reaksi yang terjadi adalah uncontrolled chemical reactions. Hal ini karena HYTREAT 5300 memiliki komponen asam yang kuat, sedangkan HYTREAT 1200 memiliki struktur biocidal yang tidak stabil di bawah kondisi asam yang kuat. Campuran langsung antara kedua bahan tersebut dapat memicu reaksi degradasi yang cepat, potensial menghasilkan panas, perubahan warna, atau pembentukan produk sampingan.","{'ground_truth': 'Uncontrolled Chemical Reactions. Mixing HYTREAT 1200 dengan HYTREAT 5300 dapat menyebabkan reaksi kimia tidak terkendali karena sifat kimia yang berbeda antara kedua bahan tersebut. HYTREAT 5300 mengandung komponen asam yang kuat, sedangkan HYTREAT 1200 mengandung biocida isothiazolinone yang stabil di kondisi asam lemah. Kontak langsung antara dua bahan ini dapat memicu reaksi degradasi cepat, potensial diikuti dengan penemukan panas, perubahan warna, atau pembentukan produk sampingan. Reaksi-reaksi ini sulit diprediksi dan dikendalikan, meningkatkan kemungkinan kondisi yang tidak aman selama pengelolaan, penyimpanan, atau operasi dosing.'}","1200 x 5300.pdf, 1200 x Sulfuric Acid.pdf, 5300 x AS 320.pdf",4.37
potensi reaksi jika aqua shield 320 tercampur sulfuric acid,"Berdasarkan KONTEKS yang diberikan, salah satu potensi reaksi jika Aqua Shield 320 tercampur dengan Sulfuric Acid adalah:

1. Violent Acid-Base Neutralization and Thermal Escalation
Aqua Shield 320 dapat bereaksi secara violent dengan Sulfuric Acid, menyebabkan neutralisasi asam-asam yang sangat eksplosif dan peningkatan suhu yang signifikan. Ini dapat menyebabkan perubahan suhu yang cepat, pembentukan naik-turun, atau aerosolisasi partikel korosif yang dapat menyebabkan cedera kimia dan kompromi sistem penangguhan yang terkait dengan risiko kebocoran sekunder atau kegagalan tekanan tertutup dalam wadah tertutup.","{'ground_truth': 'Violent Acid-Base Neutralization and Thermal Escalation\r\nAqua Shield 320 dapat bereaksi secara violent dengan Sulfuric Acid, menyebabkan neutralisasi asam-asam yang sangat eksplosif dan peningkatan suhu yang signifikan. Ini dapat menyebabkan perubahan suhu yang cepat, pembentukan naik-turun, atau aerosolisasi partikel korosif yang dapat menyebabkan cedera kimia dan kompromi sistem penanganan yang terkait dengan kebocoran sekunder atau kegagalan tekanan tertutup dalam wadah tertutup'}","Sulfuric acid x AS 320.pdf, 1200 x Sulfuric Acid.pdf, Sulfuric acid x AS 221.pdf",4.81
potensi reaksi jika aqua shield 630 tercampur sulfuric acid,"Berdasarkan KONTEKS yang diberikan, salah satu potensi reaksi jika Aqua Shield 630 tercampur dengan asam sulfat (sulfuric acid) adalah:

Severe Acidification and Chemical Destabilization

Pada paragraf tersebut disebutkan bahwa introduksi asam sulfat ke dalam Aqua Shield 630 akan menyebabkan penurunan drastis pH sistem, yang dapat menyebabkan destabilisasi rantai polimer melalui protonasi dan degradasi hidrolisis parcial, sehingga kehilangan fungsi dispersan dan penghambatan skala.","{'ground_truth': 'Sulfuric acid dapat menyebabkan penurunan pH sistem secara drastis, sehingga destabilisasi rantai polimer dan degradasi parcial hydrolytik, yang dapat menghilangkan fungsi dispersif dan penghambatan skala dari formulasi.'}","Sulfuric acid x AS 221.pdf, Sulfuric acid x AS 320.pdf, Sulfuric acid x AS 630.pdf",4.01
potensi reaksi jika aqua shield 221 tercampur dengan sulfuric acid,"Berdasarkan KONTEKS yang diberikan, salah satu potensi reaksi yang dapat terjadi jika Aqua Shield 221 tercampur dengan Sulfuric Acid adalah:

1. Extreme Exothermic Acid-Water Interaction and Physical Destabilization
   - Sulfuric acid akan mengalami reaksi ekstrem eksotermik dengan air, menyebabkan perubahan suhu yang signifikan dan kemungkinan terjadinya reaksi fisik seperti pemanasan, gesekan, atau bahkan ledakan jika tidak diatasi dengan hati-hati.

2. Acid-Induced Decomposition of Isothiazolin Biocides
   - Meskipun Aqua Shield 221 dirancang untuk mengandung isothiazolin biocides, reaksi antara Sulfuric Acid dan Aqua Shield 221 dapat menyebabkan decomposisi atau penguraian isothiazolin biocides tersebut.","{'ground_truth': 'Extreme Exothermic Acid-Water Interaction and Physical Destabilization . Aqua Shield 221 dapat mengalami reaksi ekstrem eksotermik dengan asam sulfat, yang menyebabkan hydrasi asam sulfat secara agresif dan merilis panas dalam waktu singkat. Ini dapat menyebabkan perubahan fisik stabilitas yang signifikan, seperti pembentukan gelembung, gesekan, atau agitasi yang tidak terkendali, yang dapat meningkatkan risiko cedera kimia, patah kontainer, dan penyebaran bahan korosif yang tidak terkendali ke lingkungan sekitar.'}","Sulfuric acid x AS 221.pdf, 5300 x AS 221.pdf, 1200 x AS 221.pdf",7.13
potensi reaksi jika 5300 tercampur dengan sulfuric acid,"Menurut analisis yang ada, jika Hytreat 5300 tercampur dengan asam sulfat (sulfuric acid), maka terjadi beberapa reaksi potensial:

1. Acid-Induced Collapse of Multicomponent Inhibitor System: Asam sulfat dapat menyebabkan kollapse sistem penghambatan multi-komponen Hytreat 5300, karena asam sulfat dapat menyebabkan protonasi fosfat, destabilisasi rantai polimer, dan gangguan kimia koordinasi zinc.
2. Rapid Precipitation and Solid Phase Generation: Asam sulfat dapat menyebabkan precipitasi cepat dan pembentukan fase padat pada Hytreat 5300.

Namun, perlu diingat bahwa informasi ini hanya berdasarkan analisis yang ada dan mungkin tidak mencakup semua kemungkinan reaksi yang dapat terjadi.","{'ground_truth': 'Acid-Induced Collapse of Multicomponent Inhibitor System: Asam sulfat dapat menyebabkan kollapse sistem penghambatan multi-komponen Hytreat 5300, karena asam sulfat dapat menyebabkan protonasi fosfat, destabilisasi rantai polimer, dan gangguan kimia koordinasi zinc. , Rapid Precipitation and Solid Phase Generation: Asam sulfat dapat menyebabkan precipitasi cepat dan pembentukan fase padat pada Hytreat 5300.'}","5300 x Sulfuric Acid.pdf, 5300 x AS 221.pdf, GHS-Piktogram-Health hazard-Hytreat-5300.pdf",5.0
potensi reaksi jika 2200 dan sulfur acid tercampur,"Berdasarkan informasi yang tersedia dalam KONTEKS, terdapat dua potensi reaksi yang dapat terjadi jika Hytreat 2200 dan asam sulfat (sulfuric acid) tercampur:

1. Reaksi violent hydration dan thermal splattering hazard: Pada saat asam sulfat dicampur dengan Hytreat 2200, terjadi reaksi exotermik yang menyebabkan perubahan suhu yang cepat dan intens. Hal ini dapat menyebabkan pembentukan gelembung panas yang sangat berisiko dan dapat menyebabkan luka bakar thermal dan kimia pada pribadi yang terpapar.
2. Reaksi acid-catalyzed polymerization dan permanent deactivation of glutaraldehyde: Pada saat asam sulfat dicampur dengan Hytreat 2200, glutaraldehid (antimikroba utama dalam Hytreat 2200) dapat mengalami reaksi katalisasi oleh asam sulfat yang menyebabkan polimerisasi dan degradasi molekuler. Hal ini dapat merusak fungsi biocidal glutaraldehid secara permanen dan menghasilkan produk polimer yang dapat memblokir saluran dosing, injector, dan pasokan panas.","{'ground_truth': 'Reaksi violent hydration dan thermal splattering hazard: Pada saat asam sulfat dicampur dengan HYTREAT 2200, dapat terjadi reaksi exotermik yang menyebabkan perubahan suhu yang cepat dan menghasilkan gelembung-gelembung korosif yang dapat menyebabkan luka bakar yang serius pada orang yang terpapar. , Reaksi acid-catalyzed polymerization dan deaktivasi permanen glutaraldehyde: Pada saat asam sulfat dicampur dengan HYTREAT 2200, glutaraldehyde dalam produk tersebut dapat mengalami reaksi polimerisasi dan kondensasi yang cepat, sehingga mengubah sifat biocidalnya menjadi tidak aktif dan menghasilkan produk byproduct yang dapat menyebabkan kerusakan pada sistem dosing dan pengeringan.\n'}","2200 & Sulfuric Acid.pdf, GHS-Piktogram-Toksik Akut-Hytreat-2200.pdf",7.72
Langkah Pengendalian Wajib jika hytreat 1200 dan sulfuric acid tercampur?,"Menurut informasi yang tersedia dalam KONTEKS, langkah pengendalian wajib jika Hytreat 1200 dan Sulfuric Acid tercampur adalah:

1. Melakukan violent exothermic reaction dan thermal splash hazard, sehingga pastikan Anda melakukan pencegahan dengan memakai peralatan pelindung pribadi (PPB) yang sesuai, seperti kacamata hitam, sarung tangan, dan pakaian luar yang dapat melindungi kulit dari korosif.
2. Melakukan reaksi penghancuran isothiazolinone biocidal activity, sehingga pastikan Anda melakukan pencegahan dengan memakai peralatan pelindung pribadi (PPB) yang sesuai, seperti kacamata hitam, sarung tangan, dan pakaian luar yang dapat melindungi kulit dari korosif.

Namun, perlu diingat bahwa informasi ini hanya berdasarkan KONTEKS yang tersedia dan mungkin tidak mencakup semua langkah pengendalian wajib yang diperlukan. Oleh karena itu, sebaiknya Anda melakukan penelitian lebih lanjut atau meminta saran dari ahli untuk mendapatkan informasi yang lebih akurat dan lengkap.","{'ground_truth': 'Menghindari Kontak . Pastikan tidak ada kontak langsung antara Hytreat 1200 dan Sulfuric Acid. , Pemisahan: Jika terjadi kecelakaan, segera pemisahkan campuran tersebut dari bahan lain dan lingkungan sekitar untuk mencegah penyebaran korosif. , Penggunaan Peralatan Pelindung: Gunakan peralatan pelindung pribadi (PPB) seperti kacamata, sarung tangan, dan pakaian luar yang tahan korosif saat menangani campuran Hytreat 1200 dan Sulfuric Acid. , Penggunaan Ventilasi: Pastikan area kerja dilengkapi dengan sistem ventilasi yang baik untuk mencegah penyebaran asap korosif dan aerosol. , Pembersihan: Jika terjadi kecelakaan, segera membersihkan area yang terkena campuran tersebut dengan bahan yang aman dan tidak korosif.\n'}","GHS-Piktogram-Korosif-Hytreat-1200.docx, 1200 x Sulfuric Acid.pdf, 1200 x AS 320.pdf",8.43
potensi reaksi jika 1200 dan sulfur acid tercampur,"Berdasarkan KONTEKS yang diberikan, potensi reaksi jika 1200 (Hytreat 1200) dan asam sulfat (Sulfuric Acid) tercampur adalah:

1. Reaksi exotermik yang menyebabkan perubahan suhu dan tekanan yang signifikan, sehingga dapat menyebabkan cedera kimia dan termal pada pihak yang terkena.
2. Kerusakan struktur isothiazolinone bioksid yang terkandung dalam Hytreat 1200 akibat reaksi reduksi dengan asam sulfat.

Keduanya merupakan potensi reaksi yang perlu diwaspadai dan dihindari untuk menghindari cedera kimia dan termal.","{'ground_truth': 'Violent Exothermic Reaction and Thermal Splash Hazard: Pada saat campuran ini terjadi, akan terjadi reaksi exotermik yang sangat cepat dan menghasilkan panas yang signifikan, sehingga dapat menyebabkan perubahan suhu yang drastis dan splashing korosif. , Acid-Induced Destruction of Isothiazolinone Biocidal Structures: Pada saat campuran ini terjadi, asam sulfat dapat merusak struktur bioksid biotinolone isothiazolinon yang terkandung dalam HYTREAT 1200.'}","GHS-Piktogram-Korosif-Hytreat-1200.docx, 1200 x Sulfuric Acid.pdf, 1200 x AS 320.pdf",4.91
minta table pengaplikasian produk,"Berikut adalah tabel pengaplikasian produk berdasarkan data dalam file Pengaplikasian-produk.xlsx:

| Produk          | Pengaplikasian          |
|-----------------|-------------------------|
| Hytreat 1200    | Cooling Tower           |
| Hytreat 2200    | Cooling Tower           |
| Hytreat 5300    | Cooling Tower           |
| Hytreat 5700    | Chiller                 |
| Sulfuric Acid   | Untuk Menurunkan PH Air |
| AQUA-SHIELD 221 | Boiler                  |
| AQUA-SHIELD 320 | Boiler                  |
| AQUA-SHIELD 620 | Boiler                  |
| AQUA-SHIELD 630 | Boiler                  |

Tabel di atas menunjukkan pengaplikasian produk Hytreat, Sulfuric Acid, dan Aqua-Shield untuk berbagai aplikasi.","{'ground_truth': 'Berikut adalah daftar pengaplikasian produk: 1. Hytreat 1200, 2200, 5300: Cooling Tower 2. Hytreat 5700: Chiller 3. Sulfuric Acid: Menurunkan PH Air 4. AQUA-SHIELD (221, 320, 620, 630): Boiler'}","Logo sertifikasi Aqua Shield.pdf, GHS-Piktogram-Tanda seru(Exclamation Mark)-Hytreat-5700.pdf, Pengaplikasian-produk.xlsx",7.16
mandatory control measures Sulfuric acid dan as 630 jika tercampu,"Maaf, saya tidak memiliki informasi tentang ""as 630"" dalam konteks yang diberikan. Namun, saya dapat memberikan informasi tentang Mandatory Control Measures untuk Sulfuric Acid.

Untuk mengatasi tercampuran Sulfuric acid, beberapa mandatory control measures yang perlu diambil adalah:

1. Evakuasi area segera: Semua orang harus dievakuasi dari zona terkontaminasi untuk mencegah penyerapan korosif dan iritasi.
2. Isolasi sistem: Sistem kimia dan valv harus diisolasi secara otomatis untuk mencegah distribusi lebih lanjut dari campuran tersebut.
3. Perlindungan pribadi yang tepat: Pekerja harus menggunakan perlindungan pribadi yang tepat, seperti masker dan peralatan pelindung lainnya, untuk mencegah penyerapan korosif dan iritasi.

Namun, saya tidak memiliki informasi tentang ""as 630"" dalam konteks ini.","{'ground_truth': 'Isolasi Area yang Tidak Perlu dan Evakuasi Karyawan , Perlindungan Pribadi Karyawan dan Pengaturan Exclusion Zone , Penggunaan PPE yang Tepat (Full-Face Respirator dengan Kartridge Gas Asam) ,Mengaktifkan Sistem Signal Automatis untuk Mencegah Kerusakan'}","Sulfuric acid x AS 221.pdf, 1200 x Sulfuric Acid.pdf, 5700 x AS 320.pdf",4.89
mandatory control measures Sulfuric acid dan aqua shield 221 jika tercampur,"Berdasarkan KONTEKS yang diberikan, untuk Sulfuric acid dan Aqua Shield 221, Mandatory Control Measures adalah sebagai berikut:

## 1. Immediate Evacuation and High Level Respiratory Protection

Karena risiko terpaparan udara asam dan ledakan uap, area sekitar harus dievakuasi dalam arah angin melingkar. Masker medis standar atau respirator dasar tidak cukup untuk ini. Responser harus menggunakan Aparat Berhenti Napas Sendiri (SCBA) untuk melindungi terhadap koncentrasinya asam udara. Zone penutupan keamanan harus dibuat dan jelas diidentifikasi untuk mencegah akses tidak diizinkan sampai risiko udara berbahaya telah sepenuhnya diatasi dan diverifikasi oleh pejabat keamanan.

## 2. Utilization of Acid Resistant Personal Protective Equipment

Tidak ada informasi yang diberikan dalam KONTEKS tentang penggunaan PPE untuk Aqua Shield 221.","{'ground_truth': ' Immediate Evacuation and High Level Respiratory Protection , Utilization of Acid Resistant Personal Protective Equipment'}","Sulfuric acid x AS 221.pdf, 5700 x Sulfuric acid.pdf, 5700 x AS 320.pdf",7.1
mandatory control measures jika 5300 dan 2200 tercampur,"Berdasarkan KONTEKS yang diberikan, untuk menghindari interaksi antara HYTREAT 5300 dan HYTREAT 2200, perlu diambil langkah-langkah kontrol yang wajib (mandatory control measures) seperti:

1. Pemisahan fisik dan operasional antara kedua bahan kimia tersebut.
2. Penggunaan area penyimpanan terpisah untuk kedua bahan kimia tersebut.
3. Penggunaan garis warna yang berbeda untuk transfer antara kedua bahan kimia tersebut.
4. Penggunaan peralatan dosing yang terpisah untuk kedua bahan kimia tersebut.
5. Pemisahan ruang atau waktu untuk titik injeksi kedua bahan kimia tersebut agar dilumasi dengan cukup sebelum terjadi interaksi.

Selain itu, juga perlu diambil langkah-langkah kontrol lain seperti penggunaan piktogram tanda seru (Exclamation Mark) yang sesuai dengan bahaya kesehatan yang ditimbulkan oleh kedua bahan kimia tersebut.","{'ground_truth': 'Pemisahan penyimpanan fisik , Penggunaan garis warna yang berbeda untuk transfer , Penggunaan peralatan dosing yang terpisah , Pemisahan ruang atau waktu pengiriman untuk memastikan dilusi yang cukup sebelum interaksi'}","GHS-Piktogram-Health hazard-Hytreat-5300.pdf, GHS-Piktogram-Tanda seru(Exclamation Mark)-Hytreat-5700.pdf, 5300 x 2200.pdf",7.21
mandatory control measures jika 5700 dan 2200 tercampur,"Berdasarkan KONTEKS yang diberikan, untuk menghindari efek kesehatan yang timbul akibat paparan langsung HYTREAT 5700 dan HYTREAT 2200, maka control measures yang harus diambil adalah:

1. Implementasi PPE (Personal Protective Equipment) yang tepat, seperti chemical-resistant gloves, safety goggles atau face shields, protective clothing, dan respiratory protection jika diperlukan.
2. Pengendalian yang tepat untuk menghindari kontak langsung antara kedua bahan kimia tersebut, seperti adequate ventilation, emergency eyewash stations, dan safety showers.
3. Kompatibilitas testing laboratory-scale sebelum aplikasi lapangan untuk memastikan kestabilan fisik, kompatibilitas kimia, dan efektivitas biokidal.

Namun, perlu diingat bahwa control measures yang lebih spesifik dapat diperlukan jika terdapat kondisi khusus atau risiko tertentu. Oleh karena itu, sebaiknya dilakukan evaluasi yang lebih mendalam untuk menentukan kontrol yang paling efektif dan aman.","{'ground_truth': 'Implementasi PPE (Personal Protective Equipment) yang tepat, seperti chemical-resistant gloves, safety goggles atau face shields, protective clothing, dan respiratory protection jika diperlukan. , Pengendalian yang tepat untuk menghindari kontak langsung antara kedua bahan kimia tersebut, seperti adequate ventilation, emergency eyewash stations, dan safety showers. , Kompatibilitas testing laboratory-scale sebelum aplikasi lapangan untuk memastikan kestabilan fisik, kompatibilitas kimia, dan efektivitas biokidal.\r\n'}","GHS-Piktogram-Tanda seru(Exclamation Mark)-Hytreat-5700.pdf, 1200 x 5700.pdf, 5700 x 2200.pdf",7.62
ignal word untuk aqua shield 630,"Maaf, saya tidak menemukan informasi tentang ""ignal word"" untuk Aqua Shield 630 dalam KONTEKS yang diberikan. Saya tidak memiliki informasi yang cukup untuk memberikan jawaban yang akurat.",{'ground_truth': 'caution'},"GHS-Piktogram-Korosif-Hytreat-1200.docx, Hytreat 5700.pdf, GHS-Piktogram-Toksik Akut-Hytreat-2200.pdf",3.18
signal word untuk aqua shield 221,"Signal word untuk Aqua Shield 221 adalah ""Danger"".",{'ground_truth': 'danger'},"(Hytreat 2200) 16 sections GHS.pdf, AQUA-SHIELD 221.pdf, AQUA-SHIELD 221 MSDS.pdf",1.47
signal word untuk 5700,"Signal word untuk HYTREAT 5700 adalah ""Hazard"".",{'ground_truth': 'Hazard'},"Hytreat 5700.pdf, 5700 & AS 221.pdf, GHS-Piktogram-Tanda seru(Exclamation Mark)-Hytreat-5700.pdf",2.51
signal word untuk 1200,"Berdasarkan KONTEKS yang diberikan, saya tidak menemukan informasi tentang signal word untuk Hytreat 1200. Oleh karena itu, saya tidak tahu secara sopan tentang signal word tersebut.",{'ground_truth': 'KOROSIF (Corrosive)'},"GHS-Piktogram-Korosif-Hytreat-1200.docx, Pengaplikasian-produk.xlsx, Sansyu - 2023.xlsx",3.19
mandatory control measures jika 5700 dan Aqua Shield 221 tercampur,"Menurut informasi yang tersedia dalam KONTEKS, tidak ada spesifik tentang kontrol mesin atau pengendalian lainnya untuk HYTREAT 5700. Namun, berdasarkan bagian ""Use of Personal Protective Equipment and Engineering Controls"" di HYTREAT 5700.pdf, dapat disimpulkan bahwa kontrol yang diperlukan adalah:

* Penggunaan PPE yang tepat (chemical-resistant gloves, safety goggles atau face shields, protective clothing, dan respiratory protection jika diperlukan)
* Ventilasi yang cukup
* Stasiun penggosok mata dan shower keamanan

Namun, tidak ada informasi tentang kontrol mesin atau pengendalian lainnya untuk HYTREAT 5700. Oleh karena itu, saya tidak dapat memberikan jawaban yang lebih spesifik tentang kontrol mesin jika HYTREAT 5700 dan Aqua Shield 221 tercampur.",{'ground_truth': 'Absolute Prohibition of Direct Blending'},"GHS-Piktogram-Tanda seru(Exclamation Mark)-Hytreat-5700.pdf, Hytreat 5700.pdf, 1200 x 5700.pdf",4.75
jelaskan simbol nfpa,"Simbol NFPA adalah sistem yang digunakan untuk memberikan informasi cepat tentang tingkat bahaya bahan kimia, terutama dalam kondisi darurat seperti kebakaran, tumpahan, atau kecelakaan industri. Sistem ini berbentuk berlian empat warna, masing-masing dengan skala 0-4, di mana angka yang lebih tinggi menunjukkan tingkat bahaya yang lebih besar.

Berikut adalah penjelasan simbol NFPA:

*   Biru - Bahaya Kesehatan (Health: 1): Angka 1 menunjukkan bahwa bahan ini dapat menyebabkan iritasi ringan atau efek kesehatan sementara jika terjadi paparan, namun tidak menimbulkan cedera serius permanen dalam kondisi normal penggunaan. Efek biasanya bersifat reversibel dengan penanganan yang tepat.
*   Merah - Bahaya Kebakaran (Fire: 0): Simbol ini menunjukkan bahwa bahan ini tidak berbahaya dalam hal kebakaran atau api.

Perlu diingat bahwa simbol NFPA hanya memberikan informasi umum tentang tingkat bahaya bahan kimia dan tidak menyediakan informasi yang lengkap tentang risiko yang terkait.","{'ground_truth': 'Biru - Bahaya Kesehatan (Health: 1): Angka 1 menunjukkan bahwa bahan ini dapat menyebabkan iritasi ringan atau efek kesehatan sementara jika terjadi paparan, namun tidak menimbulkan cedera serius permanen dalam kondisi normal penggunaan. Efek biasanya bersifat reversibel dengan penanganan yang tepat. , Merah - Bahaya Kebakaran (Fire: 0): Simbol ini menunjukkan bahwa bahan ini tidak berbahaya dalam hal kebakaran atau api.'}","GHS-Piktogram-Racun Lingkungan-Hytreat-2200 .pdf, Simbol NFPA pada Aqua Shield.pdf, GHS-Piktogram-Toksik Akut-Hytreat-2200.pdf",8.67
jelaskan gambar toksik akut,"Berdasarkan KONTEKS yang diberikan, gambar toksik akut dapat dijelaskan sebagai berikut:

Gambar toksik akut menunjukkan bahaya jika terhirup (Uap atau partikel dapat menyebabkan gangguan serius pada sistem pernapasan) dan bahaya jika tertelan (dapat menyebabkan keracunan akut yang ditandai dengan mual, muntah, nyeri abdomen, serta gangguan metabolisme tubuh). Ini menunjukkan bahwa bahan tersebut dapat berbahaya bagi kesehatan jika dihirup atau ditelan dalam jumlah yang tidak tepat.

Dalam gambar toksik akut, biasanya ada simbol yang menunjukkan bahaya ini, seperti simbol ""!"" (tanda seru) yang menandakan bahwa bahan tersebut dapat menyebabkan reaksi toksik jika dihirup atau ditelan.",{'ground_truth': 'Gambar toksik akut menunjukkan simbol bahaya jika terhirup dan bahaya jika tertelan. Ini menandakan bahwa bahan tersebut dapat menyebabkan gangguan serius pada sistem pernapasan dan keracunan akut jika dihirup atau ditelan.'},"GHS-Piktogram-Health hazard-Hytreat-5300.pdf, GHS-Piktogram-Tanda seru(Exclamation Mark)-Hytreat-5700.pdf, GHS-Piktogram-Toksik Akut-Hytreat-2200.pdf",8.24
jelaskan gambar piktogram health hazard,"Berdasarkan KONTEKS yang diberikan, gambar piktogram Health Hazard menunjukkan simbol siluet manusia dengan tanda bintang di dada. Simbol ini menandakan bahwa suatu bahan kimia dapat menimbulkan dampak kesehatan jangka panjang atau sistemik yang serius. Bahaya ini umumnya tidak selalu terlihat secara langsung, tetapi dapat berkembang setelah paparan berulang atau paparan akut tertentu.

Dalam konteks ini, gambar piktogram Health Hazard menunjukkan bahwa bahan kimia tersebut dapat menyebabkan iritasi pada kulit dan mata, serta bahaya toksisitas akut tingkat rendah. Namun, tidak ada informasi lebih lanjut tentang efek sensitisasi kulit atau iritasi saluran pernapasan yang disebutkan dalam KONTEKS.

Jadi, jawaban saya adalah:

Gambar piktogram Health Hazard menunjukkan simbol siluet manusia dengan tanda bintang di dada, yang menandakan bahwa suatu bahan kimia dapat menimbulkan dampak kesehatan jangka panjang atau sistemik yang serius.","{'ground_truth': 'Gambar piktogram Health Hazard menunjukkan siluet manusia dengan tanda bintang di dada. Simbol ini digunakan untuk mengindikasikan bahwa suatu bahan kimia dapat menimbulkan dampak kesehatan jangka panjang atau sistemik yang serius. Bahaya ini umumnya tidak selalu terlihat secara langsung, tetapi dapat berkembang setelah paparan berulang atau paparan akut tertentu.'}","GHS-Piktogram-Health-hazard.png, GHS-Piktogram-Tanda seru(Exclamation Mark)-Hytreat-5700.pdf, GHS-Piktogram-Health hazard-Hytreat-5300.pdf",7.73
jelaskan gambar piktogram tanda seru,"Pikotogram tanda seru yang terdapat di hytreat 5700 menunjukkan bahwa suatu bahan kimia dapat menimbulkan efek kesehatan tingkat ringan hingga sedang, terutama akibat paparan langsung dalam kondisi penggunaan normal. Bahaya yang ditandai umumnya bersifat iritatif dan reversibel, namun tetap memerlukan pengendalian yang tepat.

Gambar piktogram tanda seru ini biasanya berupa simbol ""!"" (tanda seru) yang digunakan untuk menandakan bahwa bahan kimia tersebut dapat menyebabkan efek kesehatan pada manusia. Simbol ini tidak menunjukkan bahaya yang sangat serius atau fatal, tetapi masih perlu diwaspadai dan dihindari dengan hati-hati.

Dalam konteks GHS (Global Harmonization System of Chemicals), piktogram tanda seru digunakan untuk memberikan peringatan kepada pengguna tentang potensi efek kesehatan yang dapat disebabkan oleh bahan kimia tersebut.","{'ground_truth': 'Gambar piktogram tanda seru ini biasanya berupa simbol ""!"" (tanda seru) yang digunakan untuk menandakan bahwa bahan kimia tersebut dapat menyebabkan efek kesehatan pada manusia. Simbol ini tidak menunjukkan bahaya yang sangat serius atau fatal, tetapi masih perlu diwaspadai dan dihindari dengan hati-hati.'}","GHS-Piktogram-Health hazard-Hytreat-5300.pdf, GHS-Piktogram-Tanda seru(Exclamation Mark)-Hytreat-5700.pdf, GHS-Piktogram-Toksik Akut-Hytreat-2200.pdf",8.3
jelaskan gambar piktogram racun lingkungan,"Gambar piktogram racun lingkungan menunjukkan simbol yang terdiri dari dua bagian utama, yaitu:

1. Pohon mati: Simbol ini menunjukkan bahwa bahan kimia tersebut berbahaya bagi lingkungan hidup dan dapat menyebabkan kerusakan pada organisme perairan.
2. Ikan mati: Simbol ini juga menunjukkan bahwa bahan kimia tersebut berbahaya bagi lingkungan hidup dan dapat menyebabkan kerusakan pada organisme perairan.

Kedua simbol ini bersama-sama menunjukkan bahwa bahan kimia tersebut memiliki potensi untuk merusak lingkungan hidup dan dapat menyebabkan dampak jangka panjang jika dilepaskan ke lingkungan tanpa pengendalian yang tepat.","{'ground_truth': 'Pohon mati: Simbol ini menunjukkan bahwa bahan kimia tersebut berbahaya bagi lingkungan hidup dan dapat menyebabkan kerusakan pada organisme perairan. ,  Ikan mati: Simbol ini juga menunjukkan bahwa bahan kimia tersebut berbahaya bagi lingkungan hidup dan dapat menyebabkan kerusakan pada organisme perairan.'}","GHS-Piktogram-Health hazard-Hytreat-5300.pdf, GHS-Piktogram-Racun Lingkungan-Hytreat-2200 .pdf",7.39
jelaskan gambar piktogram korosif,"Berdasarkan KONTEKS yang diberikan, simbol piktogram korosif mengindikasikan bahaya kerusakan pada kulit akibat paparan bahan kimia. Simbol ini dapat menunjukkan bahwa bahan tersebut dapat menyebabkan luka bakar kimia yang serius pada kulit, termasuk proses perusakan jaringan secara cepat.

Dalam simbol piktogram korosif, biasanya ada gambar yang menunjukkan api atau panas yang berlebihan. Gambar ini dapat berupa:

* Api yang besar dan berwarna merah
* Api yang menyala dengan bantuan bahan kimia
* Api yang berlebihan dan tidak terkendali

Gambar ini bertujuan untuk menunjukkan bahwa bahan tersebut dapat menyebabkan kerusakan pada kulit akibat paparan jangka panjang atau dalam jumlah besar.","{'ground_truth': 'simbol piktogram korosif mengindikasikan bahaya kerusakan pada kulit akibat paparan bahan kimia. Simbol ini dapat menunjukkan bahwa bahan tersebut dapat menyebabkan luka bakar kimia yang serius pada kulit, termasuk proses perusakan jaringan secara cepat.'}","GHS-Piktogram-Tanda seru(Exclamation Mark)-Hytreat-5700.pdf, GHS-Piktogram-Racun Lingkungan-Hytreat-2200 .pdf, GHS-Piktogram-Health hazard-Hytreat-5300.pdf",8.3
Tampilkan piktogram racun lingkungan,Saya tidak tahu secara sopan tentang isi konten dari file GHS-Piktogram-Racun-Lingkungan.png.,"{'ground_truth': 'Berdasarkan KONTEKS yang diberikan, saya tidak menemukan informasi tentang piktogram racun lingkungan dalam file GHS-Piktogram-Racun-Lingkungan.png. Oleh karena itu, saya tidak tahu apa piktogram tersebut.'}","GHS-Piktogram-Racun-Lingkungan.png, GHS-Piktogram-Racun Lingkungan-Hytreat-2200 .pdf",2.34
gambar tanda seru?,Gambar tanda seru yang terdapat dalam KONTEKS tersebut adalah Tanda seru (Exclamation Mark).png.,"{'ground_truth': 'Gambar tanda seru yang terdapat dalam file GHS-Piktogram-Tanda seru(Exclamation Mark)-Hytreat-5700.pdf adalah piktogram yang menunjukkan bahwa suatu bahan kimia dapat menimbulkan efek kesehatan tingkat ringan hingga sedang, terutama akibat paparan langsung dalam kondisi penggunaan normal.'}","Tanda seru (Exclamation Mark).png, GHS-Piktogram-Tanda seru(Exclamation Mark)-Hytreat-5700.pdf, GHS-Piktogram-Health hazard-Hytreat-5300.pdf",1.9
minta image piktokgram health hazard,"Saya dapat membantu Anda dengan meminta image piktogram health hazard dari file yang disebut ""GHS-Piktogram-Health-hazard.png"". Berikut adalah jawaban saya:

Maaf, saya tidak bisa menampilkan image secara langsung. Namun, saya dapat memberikan informasi tentang simbol piktogram health hazard.

Simbol piktogram health hazard yang disebutkan dalam file ""GHS-Piktogram-Health hazard-Hytreat-5300.pdf"" adalah simbol siluet manusia dengan tanda bintang di dada. Simbol ini menunjukkan bahwa suatu bahan kimia dapat menimbulkan dampak kesehatan jangka panjang atau sistemik yang serius.

Jika Anda ingin melihat image piktogram health hazard secara langsung, saya sarankan Anda untuk mengunduh file ""GHS-Piktogram-Health hazard-Hytreat-5300.pdf"" dan menampilkan image tersebut.",{'ground_truth': 'Gambar piktogram Health Hazard dapat ditemukan di file GHS-Piktogram-Health-hazard.png.'},"(Hytreat 2200) 16 sections GHS.pdf, GHS-Piktogram-Health-hazard.png, GHS-Piktogram-Health hazard-Hytreat-5300.pdf",4.39
Boleh minta piktogram korosif?,"Ya, Anda dapat menggunakan piktogram korosif sebagai simbol GHS untuk menandai bahan yang berbahaya dan memerlukan perhatian khusus. Piktogram ini digunakan untuk mengindikasikan potensi kerusakan pada kulit, mata, dan logam akibat paparan bahan kimia korosif.","{'ground_truth': 'Berdasarkan Sumber: GHS-Piktogram-Korosif.png dan Sumber: GHS-Piktogram-Racun Lingkungan-Hytreat-2200 .pdf, simbol korosif digunakan untuk mengindikasikan potensi kerusakan pada kulit, mata, logam, serta bahaya lainnya yang terkait dengan paparan bahan kimia'}","GHS-Piktogram-Korosif.png, GHS-Piktogram-Racun Lingkungan-Hytreat-2200 .pdf, GHS-Piktogram-Health hazard-Hytreat-5300.pdf",3.44
